ingredient,category
abalone,Seafood
absinthe,Alcoholic Beverages
acai berry,Fruits
acai powder,Spices, Salts & Seasonings
acerola,Fruits
achiote oil,Oils & Vinegars
achiote seeds,Spices, Salts & Seasonings
acini di pepe,Pasta & Noodles
acorn squash,Vegetables
activated charcoal,Baking Ingredients
adobo seasoning,Spices, Salts & Seasonings
advocaat,Alcoholic Beverages
agar agar,Baking Ingredients
agave nectar,Sweeteners
aioli sauce,Sauces & Condiments
aji amarillo,Vegetables
alaskan pollock,Seafood
aleppo pepper,Spices, Salts & Seasonings
alfalfa,Vegetables
alfredo sauce,Sauces & Condiments
algae oil,Oils & Vinegars
all-purpose seasoning,Spices, Salts & Seasonings
allspice,Spices, Salts & Seasonings
allspice dram,Alcoholic Beverages
allulose,Sweeteners
almond,Nuts & Seeds
almond butter,Nut Butters & Spreads
almond cookies,Bakery & Breads
almond creamer,Dairy & Alternatives
almond extract,Baking Ingredients
almond filling,Baking Ingredients
almond flour,Flours & Grains
almond meal,Flours & Grains
almond milk,Dairy & Alternatives
almond oil,Oils & Vinegars
almond pulp,Snacks & Other Ingredients
almond-coconut milk,Dairy & Alternatives
almond-milk yogurt,Dairy & Alternatives
aloe vera juice,Beverages
amaranth,Flours & Grains
amaranth flakes,Cereals & Breakfast
amaretto,Alcoholic Beverages
amberjack,Seafood
american cheese,Cheese
amla,Fruits
amul butter,Dairy & Alternatives
amul cream,Dairy & Alternatives
anaheim pepper,Vegetables
ancho chile peppers,Vegetables
ancho chile powder,Spices, Salts & Seasonings
anchovy paste,Seafood
anchovy stock,Soups & Stocks
andouille,Meat & Poultry
angel food cake,Bakery & Breads
angel food cake mix,Baking Mixes
angel hair pasta,Pasta & Noodles
angus beef,Meat & Poultry
anise extract,Baking Ingredients
anise liqueur,Alcoholic Beverages
aniseed,Spices, Salts & Seasonings
anthotyro,Cheese
aonori,Seaweed
aperol,Alcoholic Beverages
appenzeller,Cheese
apple,Fruits
apple brandy,Alcoholic Beverages
apple butter,Jams & Preserves
apple chips,Snacks & Other Ingredients
apple chutney,Sauces & Condiments
apple cider vinegar,Oils & Vinegars
apple extract,Baking Ingredients
apple jelly,Jams & Preserves
apple juice,Beverages
apple liqueur,Alcoholic Beverages
apple pie spice,Spices, Salts & Seasonings
apple syrup,Sweeteners
applesauce,Fruits - Canned & Processed
apricot,Fruits
apricot brandy,Alcoholic Beverages
apricot jam,Jams & Preserves
apricot juice,Beverages
apricot kernels,Nuts & Seeds
aquafaba,Snacks & Other Ingredients
arame,Seaweed
arbol chile pepper,Spices, Salts & Seasonings
arctic char,Seafood
argan oil,Oils & Vinegars
aronia berry,Fruits
arrowroot flour,Flours & Grains
artichoke,Vegetables
artichoke dip,Sauces & Condiments
arugula,Vegetables
asadero,Cheese
asafoetida,Spices, Salts & Seasonings
ashwagandha,Herbs & Supplements
asiago,Cheese
asian eggplant,Vegetables
asian pear,Fruits
asparagus,Vegetables
au jus mix,Sauces & Condiments
avocado,Fruits
avocado oil,Oils & Vinegars
avocado oil mayonnaise,Sauces & Condiments
avocado-lime dressing,Sauces & Condiments
baby bok choy,Vegetables
baby carrot,Vegetables
baby corn,Vegetables
baby greens,Vegetables
baby lima beans,Legumes & Pulses
baby squid,Seafood
baby swiss cheese,Cheese
babybel,Cheese
back bacon,Meat & Poultry
bacon,Meat & Poultry
bacon bits,Meat & Poultry
bacon jam,Meat & Poultry
bacon lardons,Meat & Poultry
bacon ranch dressing,Sauces & Condiments
bagel seasoning,Spices, Salts & Seasonings
baharat,Spices, Salts & Seasonings
baked beans,Legumes & Pulses
baking chips,Baking Ingredients
baking chocolate,Chocolate & Cocoa
baking cocoa,Chocolate & Cocoa
baking mix,Baking Mixes
baking powder,Baking Ingredients
baking soda,Baking Ingredients
balsamic glaze,Sauces & Condiments
balsamic onions,Preserved Vegetables
balsamic vinaigrette,Sauces & Condiments
balsamic vinegar,Oils & Vinegars
bamboo fungus,Mushrooms & Fungi
bamboo rice,Rice
bamboo shoot,Vegetables
banana,Fruits
banana chips,Snacks & Other Ingredients
banana extract,Baking Ingredients
banana juice,Beverages
banana ketchup,Sauces & Condiments
banana liqueur,Alcoholic Beverages
banana pepper,Vegetables
banana pepper rings,Preserved Vegetables
banana powder,Spices, Salts & Seasonings
banana pudding,Desserts & Sweets
banana syrup,Sweeteners
bangus,Seafood
banh pho,Pasta & Noodles
barbecue seasoning,Spices, Salts & Seasonings
barberry,Fruits
barley,Flours & Grains
barley grass,Flours & Grains
barnacle,Seafood
barnyard millet,Flours & Grains
barramundi,Seafood
barùkas,Nuts & Seeds
basa fish,Seafood
basil,Herbs & Fresh Greens
basil oil,Oils & Vinegars
basil seeds,Herbs & Fresh Greens
basmati,Rice
battered fish,Frozen Foods
bay leaf,Herbs & Fresh Greens
bay scallop,Seafood
bay shrimp,Seafood
bbq sauce,Sauces & Condiments
bean pasta,Pasta & Noodles
bean sheets,Legumes & Pulses
bean soup mix,Legumes & Pulses
bean sprouts,Vegetables
bean with bacon soup,Canned Goods
bee pollen,Snacks & Other Ingredients
beef base,Soups & Stocks
beef broth,Soups & Stocks
beef consommé,Soups & Stocks
beef dripping,Fats & Oils
beef fat,Fats & Oils
beef gravy,Sauces & Condiments
beef liver,Meat & Poultry
beef ramen,Pasta & Noodles
beef ravioli,Canned Goods
beef ribs,Meat & Poultry
beef roast,Meat & Poultry
beef rub,Spices, Salts & Seasonings
beef sausage,Meat & Poultry
beef shank,Meat & Poultry
beef short ribs,Meat & Poultry
beef sirloin,Meat & Poultry
beef steak,Meat & Poultry
beef stew meat,Meat & Poultry
beef stock,Soups & Stocks
beef suet,Fats & Oils
beef tortellini,Pasta & Noodles
beefy mushroom soup,Canned Goods
beefy onion soup mix,Soups & Stocks
beer,Alcoholic Beverages
beet juice,Beverages
beetroot,Vegetables
beetroot juice,Beverages
belgian endive,Vegetables
bell pepper,Vegetables
berbere spice,Spices, Salts & Seasonings
berry juice,Beverages
berry mix,Frozen Foods
berry powder,Spices, Salts & Seasonings
berry syrup,Sweeteners
biber salcasi,Sauces & Condiments
biriyani rice,Rice
biryani masala,Spices, Salts & Seasonings
biscuit dough,Refrigerated Dough
bitter almond,Nuts & Seeds
bitter orange,Fruits
bitters,Alcoholic Beverages
black bean pasta,Pasta & Noodles
black bean salsa,Sauces & Condiments
black bean sauce,Sauces & Condiments
black bean soup,Canned Goods
black beans,Legumes & Pulses
black cardamom,Spices, Salts & Seasonings
black cod,Seafood
black forest ham,Meat & Poultry
black fungus,Mushrooms & Fungi
black glutinous rice,Rice
black gram,Legumes & Pulses
black lentils,Legumes & Pulses
black mustard seed,Spices, Salts & Seasonings
black olives,Preserved Vegetables
black pepper sauce,Sauces & Condiments
black pepper,Spices & Seasonings
black raspberry,Fruits
black rice,Rice
black seed oil,Oils & Vinegars
black sesame oil,Oils & Vinegars
black sesame paste,Sauces & Condiments
black soy sauce,Sauces & Condiments
black soybeans,Legumes & Pulses
black sugar,Sweeteners
black treacle,Sweeteners
black truffle,Mushrooms & Fungi
black truffle butter,Dairy & Alternatives
black vinegar,Oils & Vinegars
black walnut,Nuts & Seeds
black-eyed peas,Legumes & Pulses
blackberry,Fruits
blackberry brandy,Alcoholic Beverages
blackberry preserves,Jams & Preserves
blackberry schnapps,Alcoholic Beverages
blackberry syrup,Sweeteners
blackcurrant leaves,Herbs & Fresh Greens
blackening seasoning,Spices, Salts & Seasonings
blackstrap molasses,Sweeteners
blood orange olive oil,Oils & Vinegars
blood sausage,Meat & Poultry
bloody mary mix,Beverages
blue cheese,Cheese
blue cheese dressing,Sauces & Condiments
blue cornmeal,Flours & Grains
blue curacao syrup,Sweeteners
blue spirulina,Snacks & Other Ingredients
blueberry,Fruits
blueberry extract,Baking Ingredients
blueberry jam,Jams & Preserves
blueberry juice,Beverages
blueberry powder,Spices, Salts & Seasonings
blueberry syrup,Sweeteners
bluefish,Seafood
bok choy,Vegetables
boletus,Mushrooms & Fungi
bologna,Meat & Poultry
bolognese sauce,Sauces & Condiments
bone broth,Soups & Stocks
bone-in ham,Meat & Poultry
boneless beef short ribs,Meat & Poultry
boneless ham,Meat & Poultry
boneless lamb,Meat & Poultry
boneless pork ribs,Meat & Poultry
boneless skinless chicken thighs,Meat & Poultry
bonito flakes,Seafood
borlotti beans,Legumes & Pulses
boston lettuce,Vegetables
bottarga,Seafood
bouillon cube,Soups & Stocks
bouquet garni,Herbs & Fresh Greens
bovril,Soups & Stocks
bow-tie pasta,Pasta & Noodles
boysenberry,Fruits
brandy,Alcoholic Beverages
branzino,Seafood
bratwurst,Meat & Poultry
brazil nut,Nuts & Seeds
bread,Bakery & Breads
bread & butter pickles,Preserved Vegetables
bread dough,Refrigerated Dough
bread flour,Flours & Grains
breakfast cereal,Cereals & Breakfast
breakfast sausage,Meat & Poultry
brewer's yeast,Baking Ingredients
brick pastry,Refrigerated Dough
brie,Cheese
brisee,Refrigerated Dough
brisket,Meat & Poultry
broccoli,Vegetables
broccoli rabe,Vegetables
broccoli rice,Vegetables
broccoli slaw,Vegetables
broccoli-cheese soup,Canned Goods
broccolini,Vegetables
brown basmati rice,Rice
brown beans,Legumes & Pulses
brown butter syrup,Sweeteners
brown cheese,Cheese
brown jasmine rice,Rice
brown miso,Fermented Products
brown mustard,Sauces & Condiments
brown rice,Rice
brown rice flour,Flours & Grains
brown rice pasta,Pasta & Noodles
brown rice syrup,Sweeteners
brown rice vinegar,Oils & Vinegars
brown sugar,Sweeteners
brown sugar substitute,Sweeteners
brownie mix,Baking Mixes
browning sauce,Sauces & Condiments
brussels sprout,Vegetables
bucatini,Pasta & Noodles
buckwheat flour,Flours & Grains
buffalo milk,Dairy & Alternatives
bulgur,Flours & Grains
burger patty,Meat & Poultry
burrata,Cheese
busiate,Pasta & Noodles
butter,Dairy & Alternatives
butter cake mix,Baking Mixes
butter chicken sauce,Sauces & Condiments
butter cookies,Bakery & Breads
butter extract,Baking Ingredients
butter lettuce,Vegetables
butter puff pastry,Refrigerated Dough
butter-flavored cooking spray,Oils & Fats
butterfly pea flower,Herbs & Fresh Greens
buttermilk,Dairy & Alternatives
buttermilk powder,Dairy & Alternatives
buttermilk ranch dressing,Sauces & Condiments
butternut squash,Vegetables
butternut squash noodles,Vegetables
butternut squash soup,Canned Goods
butterscotch,Desserts & Sweets
butterscotch chips,Baking Ingredients
butterscotch flavor,Baking Ingredients
butterscotch pudding mix,Desserts & Sweets
butterscotch syrup,Sweeteners
button mushroom,Mushrooms & Fungi
béchamel sauce,Sauces & Condiments
bénédictine,Alcoholic Beverages
cabbage,Vegetables
cacao butter,Chocolate & Cocoa
cacao nibs,Chocolate & Cocoa
cachaça,Alcoholic Beverages
caciocavallo,Cheese
caesar dressing,Sauces & Condiments
caesar's mushroom,Mushrooms & Fungi
cajeta,Sweeteners
cajun seasoning,Spices, Salts & Seasonings
cake flour,Flours & Grains
calabrian pepper,Spices, Salts & Seasonings
calamansi,Fruits
calamari steak,Seafood
calcium lactate,Snacks & Other Ingredients
callaloo,Vegetables
cambozola,Cheese
camembert,Cheese
campanelle,Pasta & Noodles
camu powder,Spices, Salts & Seasonings
canadian bacon,Meat & Poultry
candied cherry,Candied Fruit
candied fruit,Candied Fruit
candied ginger,Candied Fruit
candied peel,Candied Fruit
candied pineapple,Candied Fruit
candied walnut,Nuts & Seeds
candlenut,Nuts & Seeds
candy,Desserts & Sweets
candy cane,Desserts & Sweets
candy cap mushrooms,Mushrooms & Fungi
candy coating,Chocolate & Cocoa
candy corn,Desserts & Sweets
candy eyes,Baking Ingredients
candy sprinkles,Baking Ingredients
cane syrup,Sweeteners
cane vinegar,Oils & Vinegars
cannabis,Herbs & Supplements
cannabis milk,Dairy & Alternatives
cannabis sugar,Sweeteners
cannabutter,Fats & Oils
canned anchovy,Canned Goods
canned apple,Fruits - Canned & Processed
canned apricot,Fruits - Canned & Processed
canned artichoke,Canned Goods
canned baby corn,Canned Goods
canned beans,Canned Goods
canned beef stew,Canned Goods
canned beets,Canned Goods
canned black beans,Canned Goods
canned black-eyed peas,Canned Goods
canned cannellini beans,Canned Goods
canned carrot,Canned Goods
canned cherry,Fruits - Canned & Processed
canned cherry tomato,Canned Goods
canned chicken breast,Canned Goods
canned chickpea,Canned Goods
canned clam,Canned Goods
canned corn,Canned Goods
canned crab,Canned Goods
canned green beans,Canned Goods
canned jackfruit,Fruits - Canned & Processed
canned kidney beans,Canned Goods
canned lentils,Canned Goods
canned lima beans,Canned Goods
canned lychee,Fruits - Canned & Processed
canned mandarin oranges,Fruits - Canned & Processed
canned mango,Fruits - Canned & Processed
canned mixed beans,Canned Goods
canned mixed vegetables,Canned Goods
canned mushroom,Canned Goods
canned peaches,Fruits - Canned & Processed
canned pear,Fruits - Canned & Processed
canned peas,Canned Goods
canned pie filling,Fruits - Canned & Processed
canned pineapple,Fruits - Canned & Processed
canned pinto beans,Canned Goods
canned potato,Canned Goods
canned pumpkin,Canned Goods
canned salmon,Canned Goods
canned sardines,Canned Goods
canned seasoned tomatoes,Canned Goods
canned sour cherry,Fruits - Canned & Processed
canned sweet potato,Canned Goods
canned tomato,Canned Goods
canned tuna,Canned Goods
canned water chestnut,Canned Goods
canned whole green chiles,Canned Goods
canned whole tomato,Canned Goods
cannellini beans,Legumes & Pulses
cannelloni,Pasta & Noodles
canola mayonnaise,Sauces & Condiments
canola oil,Oils & Vinegars
cantaloupe,Fruits
capers,Preserved Vegetables
capon,Meat & Poultry
caramel candies,Desserts & Sweets
caramel extract,Baking Ingredients
caramel sauce,Sauces & Condiments
caramel syrup,Sweeteners
caramelised onion dressing,Sauces & Condiments
caraway,Spices, Salts & Seasonings
caribbean jerk seasoning,Spices, Salts & Seasonings
carnation breakfast essentials,Beverages
carne asada seasoning,Spices, Salts & Seasonings
carob powder,Spices, Salts & Seasonings
carom seeds,Spices, Salts & Seasonings
carp,Seafood
carrot,Vegetables
carrot juice,Beverages
casarecce,Pasta & Noodles
casein,Dairy & Alternatives
cashew,Nuts & Seeds
cashew butter,Nut Butters & Spreads
cashew cheese sauce,Sauces & Condiments
cashew cream cheese,Dairy & Alternatives
cashew milk,Dairy & Alternatives
cashewgurt,Dairy & Alternatives
cassava flour,Flours & Grains
castelluccio lentils,Legumes & Pulses
castor oil,Oils & Vinegars
catalina dressing,Sauces & Condiments
catfish,Seafood
cauliflower,Vegetables
cauliflower gnocchi,Pasta & Noodles
cauliflower rice,Vegetables
cavatelli,Pasta & Noodles
caviar,Seafood
cayenne,Spices, Salts & Seasonings
cbd oil,Herbs & Supplements
celeriac,Vegetables
celery,Vegetables
celery seed,Spices, Salts & Seasonings
celtic salt,Salts & Seasonings
century egg,Eggs
chaat masala,Spices, Salts & Seasonings
chai masala,Spices, Salts & Seasonings
chai tea,Beverages
chamomile tea,Beverages
chamoy,Sauces & Condiments
champagne,Alcoholic Beverages
champagne vinaigrette,Sauces & Condiments
champagne vinegar,Oils & Vinegars
champagne yeast,Baking Ingredients
chana,Legumes & Pulses
chana dal,Legumes & Pulses
chana masala,Spices, Salts & Seasonings
chantilly,Dairy & Alternatives
char siu sauce,Sauces & Condiments
chard,Vegetables
chardonnay vinegar,Oils & Vinegars
cheddar,Cheese
cheddar sauce,Sauces & Condiments
cheddar-jack cheese,Cheese
cheese curd,Cheese
cheese dip,Sauces & Condiments
cheese powder,Cheese
cheese soup,Canned Goods
cheese spread,Cheese
cheesecake instant pudding,Desserts & Sweets
chenna,Cheese
chermoula,Sauces & Condiments
cherry,Fruits
cherry extract,Baking Ingredients
cherry jam,Jams & Preserves
cherry juice,Beverages
cherry soda,Beverages
cherry syrup,Sweeteners
cherry tomato,Vegetables
chervil,Herbs & Fresh Greens
cheshire cheese,Cheese
chestnut,Nuts & Seeds
chestnut mushroom,Mushrooms & Fungi
chestnut puree,Fruits - Canned & Processed
chevre,Cheese
chia,Nuts & Seeds
chia powder,Nuts & Seeds
chicken and wild rice soup,Canned Goods
chicken andouille,Meat & Poultry
chicken bacon,Meat & Poultry
chicken base,Soups & Stocks
chicken bone broth,Soups & Stocks
chicken bones,Meat & Poultry
chicken breast,Meat & Poultry
chicken broth,Soups & Stocks
chicken chorizo,Meat & Poultry
chicken consommé,Soups & Stocks
chicken corn chowder,Canned Goods
chicken curry-cut,Meat & Poultry
chicken demi-glace,Sauces & Condiments
chicken drippings,Fats & Oils
chicken feet,Meat & Poultry
chicken frames,Meat & Poultry
chicken giblets,Meat & Poultry
chicken gizzards,Meat & Poultry
chicken gravy,Sauces & Condiments
chicken gyros,Meat & Poultry
chicken ham,Meat & Poultry
chicken hot dog,Meat & Poultry
chicken italian sausage,Meat & Poultry
chicken kebab,Meat & Poultry
chicken leg,Meat & Poultry
chicken livers,Meat & Poultry
chicken meatballs,Meat & Poultry
chicken necks,Meat & Poultry
chicken noodle soup,Canned Goods
chicken nuggets,Frozen Foods
chicken patty,Meat & Poultry
chicken quarters,Meat & Poultry
chicken ramen,Pasta & Noodles
chicken ribs,Meat & Poultry
chicken rice,Meat & Poultry
chicken rice soup,Canned Goods
chicken roast,Meat & Poultry
chicken salami,Meat & Poultry
chicken sausage,Meat & Poultry
chicken schnitzel,Frozen Foods
chicken soup,Canned Goods
chicken soup mix,Soups & Stocks
chicken stock,Soups & Stocks
chicken tenders,Meat & Poultry
chicken teriyaki,Meat & Poultry
chicken thighs,Meat & Poultry
chicken tortellini,Pasta & Noodles
chicken wings,Meat & Poultry
chicken-apple sausage,Meat & Poultry
chickpea,Legumes & Pulses
chickpea flour,Flours & Grains
chickpea sprouts,Vegetables
chicory coffee,Beverages
chikoo,Fruits
chile pepper,Vegetables
chili beans,Legumes & Pulses
chili con carne seasoning,Spices, Salts & Seasonings
chili crisp,Sauces & Condiments
chili flake,Spices, Salts & Seasonings
chili oil,Oils & Vinegars
chili paste,Sauces & Condiments
chili powder,Spices, Salts & Seasonings
chili sauce,Sauces & Condiments
chili vinegar,Oils & Vinegars
chili with beans,Canned Goods
chili without beans,Canned Goods
chili-garlic paste,Sauces & Condiments
chili-garlic sauce,Sauces & Condiments
chili-lime dressing,Sauces & Condiments
chili-lime seasoning,Spices, Salts & Seasonings
chimichurri sauce,Sauces & Condiments
chinese five spice,Spices, Salts & Seasonings
chinese mustard,Sauces & Condiments
chipotle,Preserved Vegetables
chipotle aioli,Sauces & Condiments
chipotle in adobo,Sauces & Condiments
chipotle powder,Spices, Salts & Seasonings
chipotle seasoning,Spices, Salts & Seasonings
chironji,Nuts & Seeds
chive,Herbs & Fresh Greens
chlorella,Seaweed
chocolate almond milk,Dairy & Alternatives
chocolate bitters,Alcoholic Beverages
chocolate cake mix,Baking Mixes
chocolate candy,Desserts & Sweets
chocolate chip cookie dough,Refrigerated Dough
chocolate chip cookies,Bakery & Breads
chocolate chips,Baking Ingredients
chocolate collagen,Herbs & Supplements
chocolate cookies,Bakery & Breads
chocolate crumb crust,Baking Mixes
chocolate extract,Baking Ingredients
chocolate frosting,Desserts & Sweets
chocolate hazelnut spread,Nut Butters & Spreads
chocolate liqueur,Alcoholic Beverages
chocolate milk,Dairy & Alternatives
chocolate milk mix,Beverages
chocolate milk powder,Beverages
chocolate peanut butter,Nut Butters & Spreads
chocolate pie crust,Baking Mixes
chocolate powder,Chocolate & Cocoa
chocolate protein powder,Herbs & Supplements
chocolate pudding,Desserts & Sweets
chocolate soy milk,Dairy & Alternatives
chocolate spread,Nut Butters & Spreads
chocolate syrup,Sweeteners
chocolate wafer,Bakery & Breads
chocolate whey protein powder,Herbs & Supplements
chocolate-covered espresso bean,Snacks & Other Ingredients
chocolate-covered nougat,Desserts & Sweets
chopped nuts,Nuts & Seeds
chorizo,Meat & Poultry
chunky peanut butter,Nut Butters & Spreads
chutney,Sauces & Condiments
cider,Alcoholic Beverages
cilantro,Herbs & Fresh Greens
cilantro dressing,Sauces & Condiments
cilantro lime rice,Rice
cinnamon,Spices & Seasonings
cinnamon alcohol,Alcoholic Beverages
cinnamon candy,Desserts & Sweets
cinnamon chips,Baking Ingredients
cinnamon extract,Baking Ingredients
cinnamon roll,Bakery & Breads
cinnamon roll dough,Refrigerated Dough
cinnamon sugar,Sweeteners
cinnamon sugar butter spread,Nut Butters & Spreads
cinnamon syrup,Sweeteners
citric acid,Snacks & Other Ingredients
citron,Fruits
citrus vodka,Alcoholic Beverages
clam,Seafood
clam broth,Soups & Stocks
clam chowder,Canned Goods
clam juice,Seafood
clamato,Beverages
clementine,Fruits
clotted cream,Dairy & Alternatives
cloudberry,Fruits
clove,Spices & Seasonings
clove oil,Oils & Vinegars
clove powder,Spices & Seasonings
club soda,Beverages
cluster beans,Legumes & Pulses
coarse sugar,Sweeteners
cocktail sauce,Sauces & Condiments
cocktail sausage,Meat & Poultry
coconut,Nuts & Seeds
coconut aminos,Sauces & Condiments
coconut bacon,Meat & Poultry
coconut butter,Nut Butters & Spreads
coconut chips,Snacks & Other Ingredients
coconut cream,Dairy & Alternatives
coconut cream powder,Dairy & Alternatives
coconut extract,Baking Ingredients
coconut fat,Fats & Oils
coconut flake,Nuts & Seeds
coconut flour,Flours & Grains
coconut greek yogurt,Dairy & Alternatives
coconut kefir,Dairy & Alternatives
coconut liqueur,Alcoholic Beverages
coconut milk,Dairy & Alternatives
coconut milk powder,Dairy & Alternatives
coconut oil,Oils & Vinegars
coconut oil spray,Oils & Vinegars
coconut paste,Nut Butters & Spreads
coconut pecan frosting,Desserts & Sweets
coconut rice,Rice
coconut rum,Alcoholic Beverages
coconut sugar,Sweeteners
coconut syrup,Sweeteners
coconut vinegar,Oils & Vinegars
coconut water,Beverages
coconut whipped cream,Dairy & Alternatives
coconut yogurt,Dairy & Alternatives
cod,Seafood
coffee,Beverages
coffee bean,Beverages
coffee creamer,Dairy & Alternatives
coffee extract,Beverages
coffee grounds,Beverages
coffee liqueur,Alcoholic Beverages
coffee rub,Spices & Seasonings
cognac,Alcoholic Beverages
coho salmon,Seafood
coke,Beverages
colby,Cheese
colby-jack cheese,Cheese
cold-brew coffee concentrate,Beverages
coleslaw,Vegetables
coleslaw dressing,Sauces & Condiments
collagen,Herbs & Supplements
collard greens,Vegetables
colored sugar,Baking Ingredients
comté,Cheese
conch,Seafood
condensed chicken gumbo soup,Canned Goods
condensed coconut milk,Dairy & Alternatives
confectioners' sweetener,Sweeteners
confectioners’ sugar,Sweeteners
cooked chicken,Meat & Poultry
cooked pork,Meat & Poultry
cooked rice,Rice
cookie butter,Nut Butters & Spreads
cookie butter syrup,Sweeteners
cookie dough,Refrigerated Dough
cookie mix,Baking Mixes
cookie-dough ice cream,Frozen Foods
cookies,Bakery & Breads
cookies n' cream ice cream,Frozen Foods
cooking spray,Oils & Vinegars
coriander,Spices & Seasonings
coriander powder,Spices & Seasonings
corn,Vegetables
corn cob,Vegetables
corn dogs,Frozen Foods
corn extract,Baking Ingredients
corn husk,Vegetables
corn oil,Oils & Vinegars
corn salsa,Sauces & Condiments
corn stock,Soups & Stocks
corn syrup,Sweeteners
cornbread dressing,Baking Mixes
cornbread mix,Baking Mixes
corned beef,Meat & Poultry
cornish hen,Meat & Poultry
cornmeal,Flours & Grains
cornstarch,Baking Ingredients
cotija,Cheese
cottage cheese,Cheese
cottonseed oil,Oils & Vinegars
country gravy,Sauces & Condiments
country ham,Meat & Poultry
couscous,Flours & Grains
couverture chocolate,Chocolate & Cocoa
crab,Seafood
crabapple,Fruits
cracked pepper,Spices & Seasonings
cracked wheat,Flours & Grains
craisins,Dried Fruit
cranberry,Fruits
cranberry juice,Beverages
cranberry relish,Sauces & Condiments
cranberry sauce,Sauces & Condiments
cranberry syrup,Sweeteners
cranberry-raspberry juice,Beverages
crawfish,Seafood
cream,Dairy & Alternatives
cream cheese,Cheese
cream of asparagus,Canned Goods
cream of bacon,Canned Goods
cream of broccoli,Canned Goods
cream of celery,Canned Goods
cream of chicken,Canned Goods
cream of chicken soup mix,Soups & Stocks
cream of coconut,Sweeteners
cream of mushroom,Canned Goods
cream of potato,Canned Goods
cream of shrimp soup,Canned Goods
cream of tartar,Baking Ingredients
cream of wheat,Cereals & Breakfast
cream sherry,Alcoholic Beverages
cream soda,Beverages
creamed corn,Canned Goods
creamed honey,Sweeteners
creamy balsamic dressing,Sauces & Condiments
creamy cheese wedge,Cheese
creamy dressing,Sauces & Condiments
creme de cacao,Alcoholic Beverages
creme de cassis,Alcoholic Beverages
creme de menthe,Alcoholic Beverages
creme fraiche,Dairy & Alternatives
creole seasoning,Spices & Seasonings
cricket flour,Flours & Grains
crisco oil,Oils & Vinegars
crispy onions,Vegetables
croissant dough,Refrigerated Dough
crottin,Cheese
crystallized ginger,Candied Fruit
cuajada,Cheese
cucumber,Vegetables
cumin,Spices & Seasonings
cumin-coriander powder,Spices & Seasonings
curacao,Alcoholic Beverages
curd,Dairy & Alternatives
curd cheese,Cheese
curing salt,Salts & Seasonings
currant,Fruits
currant jelly,Jams & Preserves
curry,Spices & Seasonings
curry leaves,Herbs & Fresh Greens
curry sauce,Sauces & Condiments
custard,Desserts & Sweets
custard-apple,Fruits
cuttlefish,Seafood
dahi,Dairy & Alternatives
daikon,Vegetables
daiquiri mix,Beverages
dairy-free ice-cream,Frozen Foods
danish feta,Cheese
dark brown sugar,Sweeteners
dark chocolate,Chocolate & Cocoa
dark chocolate chips,Baking Ingredients
dark chocolate syrup,Sweeteners
dark cocoa,Chocolate & Cocoa
dark corn syrup,Sweeteners
dark soy sauce,Sauces & Condiments
dash seasoning,Spices & Seasonings
dashi,Soups & Stocks
date,Dried Fruit
date paste,Fruits - Canned & Processed
date syrup,Sweeteners
deep-fried tofu,Tofu & Meat Alternatives
deli chicken,Meat & Poultry
deli ham,Meat & Poultry
deli turkey,Meat & Poultry
delicata squash,Vegetables
demi-glace,Sauces & Condiments
derby cheese,Cheese
dessert wine,Alcoholic Beverages
deviled ham spread,Meat & Poultry
diced green chiles,Canned Goods
dijon mustard,Sauces & Condiments
dill,Herbs & Fresh Greens
dill pickle relish,Preserved Vegetables
dill seed,Spices & Seasonings
dirty rice mix,Rice
distilled white vinegar,Oils & Vinegars
ditalini,Pasta & Noodles
djon djon mushroom,Mushrooms & Fungi
doenjang,Fermented Products
dosa batter,Refrigerated Dough
doubanjiang,Fermented Products
doughnut,Bakery & Breads
dr pepper,Beverages
dragon fruit,Fruits
drambuie,Alcoholic Beverages
dried anchovy,Seafood
dried apple,Dried Fruit
dried apricot,Dried Fruit
dried baby sardines,Seafood
dried beef,Meat & Poultry
dried berries,Dried Fruit
dried blueberries,Dried Fruit
dried cherry,Dried Fruit
dried chilies,Spices & Seasonings
dried chinese mushroom,Mushrooms & Fungi
dried chives,Herbs & Fresh Greens
dried cilantro,Herbs & Fresh Greens
dried elderberry,Dried Fruit
dried fig,Dried Fruit
dried fish,Seafood
dried fruit,Dried Fruit
dried herbs,Herbs & Fresh Greens
dried lemon,Dried Fruit
dried lime,Dried Fruit
dried mango,Dried Fruit
dried orange slice,Dried Fruit
dried papaya,Dried Fruit
dried parsley flakes,Herbs & Fresh Greens
dried peach,Dried Fruit
dried pears,Dried Fruit
dried peas,Legumes & Pulses
dried persimmons,Dried Fruit
dried pineapple,Dried Fruit
dried scallops,Seafood
dried shrimp,Seafood
dried squid,Seafood
dried tamarind,Dried Fruit
drinking chocolate,Beverages
dry marsala wine,Alcoholic Beverages
dry ranch seasoning,Spices & Seasonings
dry vermouth,Alcoholic Beverages
dubliner cheese,Cheese
duck,Meat & Poultry
duck breast,Meat & Poultry
duck confit,Meat & Poultry
duck egg,Eggs
duck fat,Fats & Oils
duck foie gras,Meat & Poultry
duck gizzards,Meat & Poultry
duck legs,Meat & Poultry
duck neck,Meat & Poultry
duck sauce,Sauces & Condiments
duck stock,Soups & Stocks
dukkah,Spices & Seasonings
dulce de leche,Sweeteners
dulse,Seaweed
dulse seaweed,Seaweed
dumpling wrapper,Refrigerated Dough
durian,Fruits
dutch-process cocoa,Chocolate & Cocoa
edam,Cheese
edamame,Legumes & Pulses
edible chocolate chip cookie dough,Refrigerated Dough
edible flowers,Vegetables
eel,Seafood
eel sauce,Sauces & Condiments
egg,Eggs
egg candies,Desserts & Sweets
egg noodle,Pasta & Noodles
egg powder,Eggs
egg replacer,Eggs
egg roll wrapper,Refrigerated Dough
egg white powder,Eggs
egg wrap,Eggs
eggnog,Dairy & Alternatives
eggplant,Vegetables
egyptian rice,Rice
einkorn flour,Flours & Grains
elderberry,Fruits
elderflower cordial,Sweeteners
elderflower liqueur,Alcoholic Beverages
empanada wrapper,Refrigerated Dough
enchilada sauce,Sauces & Condiments
endive,Vegetables
energy drink,Beverages
english mustard,Sauces & Condiments
enoki mushroom,Mushrooms & Fungi
erythritol,Sweeteners
espresso,Beverages
espresso powder,Beverages
essence,Baking Ingredients
essential oil,Oils & Vinegars
evaporated goat milk,Dairy & Alternatives
evaporated milk,Dairy & Alternatives
extra firm tofu,Tofu & Meat Alternatives
extra virgin olive oil,Oils & Vinegars
fajita seasoning,Spices & Seasonings
falafel mix,Legumes & Pulses
falooda sev,Desserts & Sweets
farmer's cheese,Cheese
farro,Flours & Grains
fava beans,Legumes & Pulses
feijoa,Fruits
fennel,Vegetables
fennel seed,Spices & Seasonings
fenugreek,Herbs & Fresh Greens
fenugreek seed,Spices & Seasonings
fermented black beans,Fermented Products
fermented tofu,Fermented Products
feta,Cheese
fettuccine,Pasta & Noodles
fideo pasta,Pasta & Noodles
field mushroom,Mushrooms & Fungi
field peas,Legumes & Pulses
fig,Fruits
fig balsamic,Oils & Vinegars
fig jam,Jams & Preserves
fig leaves,Herbs & Fresh Greens
fine semolina,Flours & Grains
fines herbes,Herbs & Fresh Greens
finger lime,Fruits
finger millet,Flours & Grains
finger millet flour,Flours & Grains
fiori di sicilia,Baking Ingredients
fire-roasted green chiles,Canned Goods
fire-roasted tomato,Canned Goods
fish balls,Seafood
fish cake,Seafood
fish fillets,Seafood
fish heads,Seafood
fish oil,Seafood
fish pie mix,Seafood
fish sauce,Sauces & Condiments
fish stock,Soups & Stocks
flageolets,Legumes & Pulses
flathead,Seafood
flavored stevia,Sweeteners
flax,Nuts & Seeds
flax egg,Eggs
flax milk,Dairy & Alternatives
flaxseed meal,Nuts & Seeds
flaxseed oil,Oils & Vinegars
fleur de sel,Salts & Seasonings
flounder,Seafood
flour,Flours & Grains
foie gras,Meat & Poultry
fondant,Desserts & Sweets
fontal,Cheese
fontina,Cheese
food coloring,Baking Ingredients
Formula milk,Baby Food
Infant formula powder,Baby Food
Toddler formula,Baby Food
Follow-up formula,Baby Food
Soy-based infant formula,Baby Food
Hypoallergenic formula,Baby Food
Lactose-free baby formula,Baby Food
Goat milk formula,Baby Food
Ready-to-feed infant formula,Baby Food
Powdered baby milk,Baby Food
Rice cereal (baby),Baby Food
Oat cereal (baby),Baby Food
Multigrain baby cereal,Baby Food
Wheat cereal (baby),Baby Food
Barley cereal (baby),Baby Food
Apple puree,Baby Food
Banana puree,Baby Food
Pear puree,Baby Food
Mango puree,Baby Food
Carrot puree,Baby Food
Pumpkin puree,Baby Food
Sweet potato puree,Baby Food
Pea puree,Baby Food
Spinach puree,Baby Food
Avocado puree,Baby Food
Chicken puree,Baby Food
Beef puree,Baby Food
Lentil puree,Baby Food
Fruit blend puree,Baby Food
Vegetable blend puree,Baby Food
Chicken and rice puree,Baby Food
Apple and banana puree,Baby Food
Carrot and potato puree,Baby Food
Teething biscuits,Baby Food
Baby puffs,Baby Food
Rice rusks,Baby Food
Baby yogurt melts,Baby Food
foxtail millet,Flours & Grains
frappé base,Beverages
freekeh,Flours & Grains
freeze-dried apple,Fruits - Canned & Processed
freeze-dried berries,Fruits - Canned & Processed
freeze-dried blueberry,Fruits - Canned & Processed
freeze-dried pineapple,Fruits - Canned & Processed
freeze-dried raspberry,Fruits - Canned & Processed
freeze-dried strawberry,Fruits - Canned & Processed
fregola,Pasta & Noodles
french dressing,Sauces & Condiments
french fries,Frozen Foods
french onion dip,Sauces & Condiments
french-fried onions,Frozen Foods
fresh anchovy,Seafood
fresh mackerel,Seafood
fresh mint,Herbs & Fresh Greens
fresh mixed herbs,Herbs & Fresh Greens
fresh mozzarella,Cheese
fresh pasta dough,Refrigerated Dough
fresh sausage,Meat & Poultry
fresh sugar cane,Sweeteners
fresno chile,Vegetables
fried eggs,Eggs
fried rice,Rice
fried tofu,Tofu & Meat Alternatives
frisee,Vegetables
fromage blanc,Cheese
frosting,Desserts & Sweets
frozen dinner roll,Frozen Foods
frozen dumplings,Frozen Foods
frozen meatballs,Frozen Foods
frozen pizza rolls,Frozen Foods
frozen yogurt,Frozen Foods
fruit cocktail,Fruits - Canned & Processed
fruit juice,Beverages
frying oil,Oils & Vinegars
fudge,Desserts & Sweets
fudge sauce,Sauces & Condiments
furikake,Spices & Seasonings
galangal,Spices & Seasonings
galliano,Alcoholic Beverages
gammon joint,Meat & Poultry
ganache,Chocolate & Cocoa
garam masala,Spices & Seasonings
garlic,Vegetables
garlic & herb seasoning,Spices & Seasonings
garlic butter,Dairy & Alternatives
garlic confit,Preserved Vegetables
garlic granules,Spices & Seasonings
garlic hummus,Sauces & Condiments
garlic mayonnaise,Sauces & Condiments
garlic oil,Oils & Vinegars
garlic powder,Spices & Seasonings
garlic scapes,Vegetables
garlic soup mix,Soups & Stocks
garlic spread,Sauces & Condiments
garlic tomato sauce,Sauces & Condiments
garlic vinegar,Oils & Vinegars
garlic-and-herb goat cheese,Cheese
garlic-pepper seasoning,Spices & Seasonings
gelatin,Baking Ingredients
gem lettuce,Vegetables
genever,Alcoholic Beverages
gentian liqueur,Alcoholic Beverages
gentle sweet,Sweeteners
german mustard,Sauces & Condiments
ghee,Fats & Oils
giardiniera,Preserved Vegetables
gigantes,Legumes & Pulses
gim,Seaweed
gin,Alcoholic Beverages
ginger ale,Beverages
ginger beer,Beverages
ginger chili paste,Sauces & Condiments
ginger in syrup,Candied Fruit
ginger liqueur,Alcoholic Beverages
ginger oil,Oils & Vinegars
ginger paste,Sauces & Condiments
ginger powder,Spices & Seasonings
ginger root,Spices & Seasonings
ginger snaps,Bakery & Breads
ginger syrup,Sweeteners
ginger wine,Alcoholic Beverages
ginger-garlic paste,Sauces & Condiments
gingerbread cookie dough,Refrigerated Dough
gingerbread spice,Spices & Seasonings
ginkgo nuts,Nuts & Seeds
glass noodles,Pasta & Noodles
gloucester,Cheese
glucomannan,Baking Ingredients
glucose,Sweeteners
gluten-free baking flour,Flours & Grains
gluten-free beer,Alcoholic Beverages
gluten-free cake mix,Baking Mixes
gluten-free chocolate chip cookie dough,Refrigerated Dough
gluten-free flour,Flours & Grains
gluten-free noodles,Pasta & Noodles
gluten-free orzo,Pasta & Noodles
gluten-free panko,Baking Ingredients
gluten-free pasta,Pasta & Noodles
gluten-free peanut butter cookie dough,Refrigerated Dough
gluten-free pizza crust,Refrigerated Dough
gluten-free puff pastry,Refrigerated Dough
gluten-free ramen noodles,Pasta & Noodles
gluten-free self-raising flour,Flours & Grains
glutinous rice,Rice
glutinous rice flour,Flours & Grains
glycerine,Baking Ingredients
gnocchi,Pasta & Noodles
goat butter,Dairy & Alternatives
goat cheese,Cheese
goat kefir,Dairy & Alternatives
goat milk,Dairy & Alternatives
goat yogurt,Dairy & Alternatives
gochugaru,Spices & Seasonings
gochujang,Sauces & Condiments
goda masala,Spices & Seasonings
goji berry,Dried Fruit
gold rum,Alcoholic Beverages
golden beet,Vegetables
golden mushroom soup,Canned Goods
golden sugar,Sweeteners
golden syrup,Sweeteners
golden wax beans,Legumes & Pulses
goose,Meat & Poultry
goose fat,Fats & Oils
goose liver,Meat & Poultry
goose stock,Soups & Stocks
gooseberry,Fruits
gouda,Cheese
graham cracker,Bakery & Breads
graham cracker crumbs,Bakery & Breads
graham cracker crust,Baking Mixes
grana-padano,Cheese
granadilla,Fruits
granola cereal,Cereals & Breakfast
grape,Fruits
grape jelly,Jams & Preserves
grape juice,Beverages
grape leaves,Preserved Vegetables
grape must,Beverages
grape syrup,Sweeteners
grapefruit,Fruits
grapefruit bitters,Alcoholic Beverages
grapefruit essential oil,Oils & Vinegars
grapefruit juice,Beverages
grapefruit soda,Beverages
grapeseed oil,Oils & Vinegars
grappa,Alcoholic Beverages
graviera,Cheese
gravlax,Seafood
gravy mix,Sauces & Condiments
greek seasoning,Spices & Seasonings
greek vinaigrette,Sauces & Condiments
greek yogurt,Dairy & Alternatives
green beans,Legumes & Pulses
green cardamom,Spices & Seasonings
green chickpea,Legumes & Pulses
green chilli paste,Sauces & Condiments
green chilli sauce,Sauces & Condiments
green chutney,Sauces & Condiments
green curry,Sauces & Condiments
green enchilada sauce,Sauces & Condiments
green goddess dressing,Sauces & Condiments
green harissa,Sauces & Condiments
green lentils,Legumes & Pulses
green mango,Fruits
green olive tapenade,Sauces & Condiments
green olives,Preserved Vegetables
green papaya,Fruits
green pea soup,Canned Goods
green peppercorn,Spices & Seasonings
green taco sauce,Sauces & Condiments
green tea,Beverages
green tea leaves,Beverages
green tomato,Vegetables
greens powder,Herbs & Supplements
grenadine,Sweeteners
grits,Flours & Grains
ground beef,Meat & Poultry
ground bison,Meat & Poultry
ground chicken,Meat & Poultry
ground lamb,Meat & Poultry
ground pork,Meat & Poultry
ground pork sausage,Meat & Poultry
ground sausage,Meat & Poultry
ground shrimp,Seafood
ground turkey,Meat & Poultry
ground turkey sausage,Meat & Poultry
ground venison,Meat & Poultry
grouper,Seafood
grouse,Meat & Poultry
gruyere,Cheese
grünkern,Flours & Grains
guacamole,Sauces & Condiments
guajillo pepper,Spices & Seasonings
guanciale,Meat & Poultry
guar gum,Baking Ingredients
guava,Fruits
guava juice,Beverages
guava paste,Fruits - Canned & Processed
guinea fowl,Meat & Poultry
guk ganjang,Sauces & Condiments
gula melaka,Sweeteners
gum syrup,Sweeteners
gummies,Desserts & Sweets
gurnard,Seafood
gyoza wrapper,Refrigerated Dough
habanero pepper,Vegetables
haddock,Seafood
hake,Seafood
hakka noodles,Pasta & Noodles
half and half,Dairy & Alternatives
halibut,Seafood
halloumi,Cheese
ham hock,Meat & Poultry
ham steak,Meat & Poultry
ham stock,Soups & Stocks
ham-flavored concentrate,Soups & Stocks
hara chana,Legumes & Pulses
hard goat cheese,Cheese
hard salami,Meat & Poultry
harissa,Sauces & Condiments
harissa spice blend,Spices & Seasonings
hash browns,Frozen Foods
haskap berry,Fruits
hatch chile pepper,Vegetables
havarti,Cheese
hawaiian salt,Salts & Seasonings
hawthorn,Fruits
hazelnut,Nuts & Seeds
hazelnut butter,Nut Butters & Spreads
hazelnut creamer,Dairy & Alternatives
hazelnut extract,Baking Ingredients
hazelnut flour,Flours & Grains
hazelnut liqueur,Alcoholic Beverages
hazelnut milk,Dairy & Alternatives
hazelnut oil,Oils & Vinegars
hazelnut syrup,Sweeteners
hearts of palm,Preserved Vegetables
heavy cream,Dairy & Alternatives
hemp hearts,Nuts & Seeds
hemp milk,Dairy & Alternatives
hemp protein,Herbs & Supplements
hemp seed oil,Oils & Vinegars
herb butter,Dairy & Alternatives
herb cream cheese,Cheese
herb-infused olive oil,Oils & Vinegars
herbal liqueur,Alcoholic Beverages
herbal tea,Beverages
herbes de provence,Herbs & Fresh Greens
herring,Seafood
hershey kisses,Chocolate & Cocoa
hibiscus,Herbs & Fresh Greens
hibiscus syrup,Sweeteners
hijiki,Seaweed
hilopites,Pasta & Noodles
himalayan salt,Salts & Seasonings
hoisin sauce,Sauces & Condiments
hollandaise sauce,Sauces & Condiments
hominy,Flours & Grains
honey,Sweeteners
honey beans,Legumes & Pulses
honey butter,Dairy & Alternatives
honey date,Sweeteners
honey garlic sauce,Sauces & Condiments
honey greek yogurt,Dairy & Alternatives
honey liqueur,Alcoholic Beverages
honey mustard,Sauces & Condiments
honey mustard dressing,Sauces & Condiments
honey powder,Sweeteners
honey vinegar,Oils & Vinegars
honey-roasted almond,Nuts & Seeds
honey-roasted cashew,Nuts & Seeds
honey-roasted peanuts,Nuts & Seeds
honey-roasted pecans,Nuts & Seeds
honeydew melon,Fruits
horse gram,Legumes & Pulses
horseradish,Vegetables
horseradish mustard,Sauces & Condiments
horseradish sauce,Sauces & Condiments
hot bean paste,Fermented Products
hot curry,Spices & Seasonings
hot dog,Meat & Poultry
hot honey,Sweeteners
hot italian sausage,Meat & Poultry
hot paprika,Spices & Seasonings
hot pepper jelly,Jams & Preserves
hot pepper relish,Sauces & Condiments
hot sauce,Sauces & Condiments
hot sesame oil,Oils & Vinegars
hot-peppered vinegar,Oils & Vinegars
hot-smoked salmon,Seafood
hp sauce,Sauces & Condiments
huckleberry,Fruits
huitlacoche,Mushrooms & Fungi
hulled barley,Flours & Grains
hummus,Sauces & Condiments
hung curd,Dairy & Alternatives
hyacinth beans,Legumes & Pulses
ice cream,Frozen Foods
ice cream salt,Salts & Seasonings
ice-apple,Fruits
ice-cream cone,Frozen Foods
ice-cream sandwich,Frozen Foods
iceberg,Vegetables
iced coffee concentrate,Beverages
iced tea,Beverages
idli batter,Refrigerated Dough
idli rice,Rice
imitation lobster,Seafood
indian almond,Nuts & Seeds
instant lemon pudding,Desserts & Sweets
instant noodle,Pasta & Noodles
instant oats,Cereals & Breakfast
instant pudding,Desserts & Sweets
instant rice,Rice
inulin,Herbs & Supplements
irish cream,Alcoholic Beverages
irish cream syrup,Sweeteners
israeli couscous,Flours & Grains
italian cheese blend,Cheese
italian dressing,Sauces & Condiments
italian seasoning,Spices & Seasonings
jackfruit,Fruits
jackfruit seeds,Nuts & Seeds
jaggery,Sweeteners
jaggery syrup,Sweeteners
jalapeno,Vegetables
jalapeño havarti,Cheese
jam,Jams & Preserves
jam sugar,Sweeteners
jambalaya rice mix,Rice
japanese curry,Sauces & Condiments
japanese mayonnaise,Sauces & Condiments
japanese rice,Rice
jarlsberg cheese,Cheese
jasmine rice,Rice
jasmine tea,Beverages
java plum,Fruits
jello,Desserts & Sweets
jellyfish,Seafood
jerusalem artichoke,Vegetables
jicama,Vegetables
jjolmyeon,Pasta & Noodles
john dory,Seafood
jojoba oil,Oils & Vinegars
juice blend,Beverages
jujube,Fruits
juniper berry,Spices & Seasonings
kabocha squash,Vegetables
kaffir lime,Fruits
kaffir lime leaves,Herbs & Fresh Greens
kala chana,Legumes & Pulses
kala namak salt,Salts & Seasonings
kalamata olives,Preserved Vegetables
kale,Vegetables
kamut berries,Flours & Grains
karashi,Sauces & Condiments
kasha,Flours & Grains
kashk,Dairy & Alternatives
kashkaval,Cheese
kashmiri red chilli,Spices & Seasonings
kasseri,Cheese
kataifi,Refrigerated Dough
kecap manis,Sauces & Condiments
kefalotyri,Cheese
kefir,Dairy & Alternatives
kelp,Seaweed
kelp noodles,Pasta & Noodles
ketchup,Sauces & Condiments
keto trail mix,Snacks & Other Ingredients
kewra water,Baking Ingredients
key lime curd,Fruits - Canned & Processed
key lime yogurt,Dairy & Alternatives
khoya,Dairy & Alternatives
kidney beans,Legumes & Pulses
kielbasa,Meat & Poultry
kimchi,Fermented Products
king crab,Seafood
king oyster mushroom,Mushrooms & Fungi
kingfish,Seafood
kirsch,Alcoholic Beverages
kitchen king masala,Spices & Seasonings
kiwi,Fruits
kizami nori,Seaweed
kluski noodles,Pasta & Noodles
kodo millet,Flours & Grains
kohlrabi,Vegetables
kokum,Fruits
kombu,Seaweed
kombucha,Beverages
kombucha starter,Beverages
kombucha vinegar,Oils & Vinegars
konnyaku,Vegetables
kool aid,Beverages
korean bbq sauce,Sauces & Condiments
korean fish cake,Seafood
korean rice cake,Rice
korean seaweed,Seaweed
kumquat,Fruits
kung pao sauce,Sauces & Condiments
labneh,Cheese
lacinato,Vegetables
lactaid milk,Dairy & Alternatives
lady fingers,Bakery & Breads
lamb broth,Soups & Stocks
lamb chops,Meat & Poultry
lamb fat,Fats & Oils
lamb loin,Meat & Poultry
lamb neck,Meat & Poultry
lamb shank,Meat & Poultry
lamb shoulder,Meat & Poultry
lamb stock,Soups & Stocks
lancashire,Cheese
langoustine,Seafood
lap cheong,Meat & Poultry
lapsang souchong,Beverages
lard,Fats & Oils
lasagna,Pasta & Noodles
lavender,Herbs & Fresh Greens
lavender oil,Oils & Vinegars
lavender syrup,Sweeteners
leaf gelatine,Baking Ingredients
leaf lettuce,Vegetables
leek,Vegetables
leftover fried chicken,Meat & Poultry
leg of lamb,Meat & Poultry
leicester,Cheese
lemon,Fruits
lemon & herb seasoning,Spices & Seasonings
lemon & pepper seasoning,Spices & Seasonings
lemon cake mix,Baking Mixes
lemon curd,Fruits - Canned & Processed
lemon extract,Baking Ingredients
lemon frosting,Desserts & Sweets
lemon juice concentrate,Beverages
lemon lime soda,Beverages
lemon oil,Oils & Vinegars
lemon pie filling,Fruits - Canned & Processed
lemon sole,Seafood
lemon thyme,Herbs & Fresh Greens
lemon vinegar,Oils & Vinegars
lemon water,Beverages
lemon-tahini dressing,Sauces & Condiments
lemonade,Beverages
lemonade concentrate,Beverages
lemonade mix,Beverages
lemongrass,Herbs & Fresh Greens
lentil soup,Canned Goods
lentil sprouts,Vegetables
lentils,Legumes & Pulses
lettuce,Vegetables
licorice,Desserts & Sweets
lima beans,Legumes & Pulses
lime,Fruits
lime concentrate,Beverages
lime cordial,Sweeteners
lime curd,Fruits - Canned & Processed
lime essential oil,Oils & Vinegars
lime extract,Baking Ingredients
lime pickle,Preserved Vegetables
lime soda,Beverages
lime vinaigrette,Sauces & Condiments
limeade concentrate,Beverages
limoncello,Alcoholic Beverages
lingonberry,Fruits
linguine,Pasta & Noodles
lion's mane mushroom,Mushrooms & Fungi
liqueur,Alcoholic Beverages
liquid aminos,Sauces & Condiments
liquid egg substitute,Eggs
liquid egg whites,Eggs
liquid margarine,Fats & Oils
liquid rennet,Dairy & Alternatives
liquid smoke,Baking Ingredients
liquid stevia,Sweeteners
little millet,Flours & Grains
liver spread,Meat & Poultry
lobster,Seafood
lobster bisque,Canned Goods
lobster ravioli,Pasta & Noodles
lobster stock,Soups & Stocks
lobster tail,Seafood
loganberry,Fruits
long-grain rice,Rice
longan,Fruits
longhorn,Cheese
lotus seeds,Nuts & Seeds
lox,Seafood
lsa,Nuts & Seeds
lucuma powder,Spices & Seasonings
lupini beans,Legumes & Pulses
lychee,Fruits
lychee juice,Beverages
mac 'n cheese,Pasta & Noodles
maca powder,Herbs & Supplements
macadamia,Nuts & Seeds
macadamia butter,Nut Butters & Spreads
macadamia oil,Oils & Vinegars
macaroni,Pasta & Noodles
mace,Spices & Seasonings
mackerel,Seafood
madeira wine,Alcoholic Beverages
mafalde,Pasta & Noodles
maggi sauce,Sauces & Condiments
magnesium,Herbs & Supplements
mahi mahi,Seafood
maitake,Mushrooms & Fungi
malt extract,Sweeteners
malt syrup,Sweeteners
malt vinegar,Oils & Vinegars
malted milk powder,Beverages
maltodextrin,Baking Ingredients
manchego,Cheese
mandarin,Fruits
mandu,Frozen Foods
mango,Fruits
mango chutney,Sauces & Condiments
mango extract,Baking Ingredients
mango juice,Beverages
mango powder,Spices & Seasonings
mango salsa,Sauces & Condiments
mango sauce,Sauces & Condiments
mango syrup,Sweeteners
mango vinaigrette,Sauces & Condiments
manicotti,Pasta & Noodles
manouri,Cheese
manuka honey,Sweeteners
maple almond butter,Nut Butters & Spreads
maple butter,Dairy & Alternatives
maple extract,Baking Ingredients
maple sugar,Sweeteners
maple syrup,Sweeteners
maraschino,Alcoholic Beverages
maraschino cherry,Candied Fruit
marble cheese,Cheese
margarine,Fats & Oils
margarita mix,Beverages
marinara sauce,Sauces & Condiments
marinated tofu,Tofu & Meat Alternatives
marjoram,Herbs & Fresh Greens
marmalade,Jams & Preserves
marsala wine,Alcoholic Beverages
marshmallow,Desserts & Sweets
marshmallow creme,Desserts & Sweets
marula oil,Oils & Vinegars
marzipan,Desserts & Sweets
masa dough,Refrigerated Dough
masa harina,Flours & Grains
mascarpone,Cheese
mashed potatoes,Preserved Vegetables
mastic gum,Snacks & Other Ingredients
matcha powder,Beverages
matsutake,Mushrooms & Fungi
matta rice,Rice
matzo farfel,Bakery & Breads
matzo meal,Bakery & Breads
mayocoba beans,Legumes & Pulses
mayonnaise,Sauces & Condiments
meat masala,Spices & Seasonings
medium-chain triglyceride,Oils & Vinegars
melon,Fruits
melon liqueur,Alcoholic Beverages
melon seeds,Nuts & Seeds
mentsuyu,Sauces & Condiments
meringue nest,Desserts & Sweets
meringue powder,Baking Ingredients
mexican cheese blend,Cheese
mexican chocolate,Chocolate & Cocoa
mexican chorizo,Meat & Poultry
mexican hot sauce,Sauces & Condiments
mexican oregano,Herbs & Fresh Greens
mexican rice,Rice
mexican seasoning,Spices & Seasonings
mexican-style corn,Canned Goods
meyer lemon,Fruits
mezcal,Alcoholic Beverages
microgreens,Vegetables
mie noodle,Pasta & Noodles
milk,Dairy & Alternatives
milk chocolate,Chocolate & Cocoa
milk cream,Dairy & Alternatives
milk powder,Dairy & Alternatives
milk thistle seeds,Herbs & Fresh Greens
milkfat,Dairy & Alternatives
millet,Flours & Grains
millet flour,Flours & Grains
mimolette,Cheese
mincemeat,Fruits - Canned & Processed
minestrone,Canned Goods
mini phyllo,Refrigerated Dough
mint,Herbs & Fresh Greens
mint baking chips,Baking Ingredients
mint chocolates,Chocolate & Cocoa
mint jelly,Jams & Preserves
mint syrup,Sweeteners
mirin,Sweeteners
miso dressing,Sauces & Condiments
miso soup,Soups & Stocks
misua,Pasta & Noodles
mixed asian mushrooms,Mushrooms & Fungi
mixed beans,Legumes & Pulses
mixed fruit,Dried Fruit
mixed greens,Vegetables
mixed mushrooms,Mushrooms & Fungi
mixed nuts,Nuts & Seeds
mixed peel,Candied Fruit
mixed seafood,Seafood
mixed seeds,Nuts & Seeds
mixed vegetable,Vegetables
mizithra,Cheese
molasses,Sweeteners
mole paste,Sauces & Condiments
monk fruit sweetener,Sweeteners
monkfish,Seafood
monterey jack,Cheese
moong dal,Legumes & Pulses
moonshine,Alcoholic Beverages
morel mushrooms,Mushrooms & Fungi
mortadella,Meat & Poultry
moscatel vinegar,Oils & Vinegars
moth beans,Legumes & Pulses
mountain dew,Beverages
mozzarella,Cheese
msg,Spices & Seasonings
mud crab,Seafood
muenster,Cheese
muesli,Cereals & Breakfast
mulberry,Fruits
mulling spices,Spices & Seasonings
mung bean sprout,Vegetables
mung beans,Legumes & Pulses
mushroom broth,Soups & Stocks
mushroom gravy,Sauces & Condiments
mushroom seasoning,Spices & Seasonings
mushroom soup mix,Soups & Stocks
mushroom soy sauce,Sauces & Condiments
mushroom steaks,Mushrooms & Fungi
mussel,Seafood
mustard,Sauces & Condiments
mustard aioli,Sauces & Condiments
mustard oil,Oils & Vinegars
mustard paste,Sauces & Condiments
mustard powder,Spices & Seasonings
mustard sauce,Sauces & Condiments
mustard seed,Spices & Seasonings
mustard-mayonnaise blend,Sauces & Condiments
mutton,Meat & Poultry
nacho cheese soup,Canned Goods
naengmyeon noodles,Pasta & Noodles
nameko,Mushrooms & Fungi
napa cabbage,Vegetables
natto,Fermented Products
natural cocoa,Chocolate & Cocoa
nectarine,Fruits
neufchatel,Cheese
new england clam chowder,Canned Goods
new potato,Vegetables
nigella seeds,Spices & Seasonings
nile perch,Seafood
non-dairy cream,Dairy & Alternatives
non-dairy creamer,Dairy & Alternatives
non-dairy milk,Dairy & Alternatives
non-dairy whipped topping,Dairy & Alternatives
non-dairy whipping cream,Dairy & Alternatives
non-dairy yogurt,Dairy & Alternatives
noodle,Pasta & Noodles
noodle soup mix,Soups & Stocks
nori,Seaweed
nut butter,Nut Butters & Spreads
nut milk,Dairy & Alternatives
nutmeg,Spices & Seasonings
nutritional yeast,Spices & Seasonings
oat bran,Cereals & Breakfast
oat fiber,Cereals & Breakfast
oat flour,Flours & Grains
oat groats,Cereals & Breakfast
oat milk,Dairy & Alternatives
oaxaca,Cheese
ocean perch,Seafood
octopus,Seafood
ogo seaweed,Seaweed
okra,Vegetables
olive oil,Oils & Vinegars
olive paste,Sauces & Condiments
onion,Vegetables
onion flake,Vegetables
onion gravy,Sauces & Condiments
onion marmalade,Sauces & Condiments
onion paste,Sauces & Condiments
onion powder,Spices & Seasonings
onion salad dressing,Sauces & Condiments
onion seed,Spices & Seasonings
onion soup,Soups & Stocks
onion soup mix,Soups & Stocks
orange,Fruits
orange blossom water,Baking Ingredients
orange curd,Fruits - Canned & Processed
orange extract,Baking Ingredients
orange juice,Beverages
orange juice concentrate,Beverages
orange liqueur,Alcoholic Beverages
orange marmalade,Jams & Preserves
orange roughy,Seafood
orange sauce,Sauces & Condiments
orange soda,Beverages
orange syrup,Sweeteners
orecchiette,Pasta & Noodles
oregano,Herbs & Fresh Greens
oregano oil,Oils & Vinegars
oregon grape,Fruits
orgeat,Sweeteners
orzo,Pasta & Noodles
ostrich,Meat & Poultry
oxtail,Meat & Poultry
oyster,Seafood
oyster mushroom,Mushrooms & Fungi
oyster sauce,Sauces & Condiments
paccheri,Pasta & Noodles
pad thai sauce,Sauces & Condiments
paella rice,Rice
palm oil,Oils & Vinegars
palm seeds,Nuts & Seeds
palmini,Preserved Vegetables
panang curry,Sauces & Condiments
pancake mix,Baking Mixes
pancake syrup,Sweeteners
pancetta,Meat & Poultry
pandan extract,Baking Ingredients
paneer,Cheese
panela cheese,Cheese
pangasius,Seafood
papaya,Fruits
pappardelle,Pasta & Noodles
paprika,Spices & Seasonings
parmesan,Cheese
parmesan-crusted chicken,Frozen Foods
parsley,Herbs & Fresh Greens
parsnip,Vegetables
pasilla pepper,Spices & Seasonings
passion fruit,Fruits
passion fruit syrup,Sweeteners
passion tea,Beverages
passion-fruit juice,Beverages
passionfruit curd,Fruits - Canned & Processed
pasta salad mix,Pasta & Noodles
pasta sauce,Sauces & Condiments
pasta shells,Pasta & Noodles
pastrami,Meat & Poultry
pastry flour,Flours & Grains
patis,Sauces & Condiments
pav bhaji masala,Spices & Seasonings
pea shoots,Vegetables
peach,Fruits
pepper,Vegetables
peach brandy,Alcoholic Beverages
peach juice,Beverages
peach liqueur,Alcoholic Beverages
peach preserves,Jams & Preserves
peach schnapps,Alcoholic Beverages
peanut,Nuts & Seeds
peanut brittle,Desserts & Sweets
peanut butter,Nut Butters & Spreads
peanut butter chips,Baking Ingredients
peanut butter cookie dough,Refrigerated Dough
peanut butter cups,Desserts & Sweets
peanut butter powder,Nut Butters & Spreads
peanut flour,Flours & Grains
peanut oil,Oils & Vinegars
peanut-butter sandwich cookies,Bakery & Breads
pear,Fruits
pear juice,Beverages
pearl barley,Flours & Grains
pearl millet,Flours & Grains
pearl onion,Vegetables
pearled farro,Flours & Grains
pearled sorghum,Flours & Grains
peas,Legumes & Pulses
peas and carrots,Vegetables
pecan,Nuts & Seeds
pecan oil,Oils & Vinegars
pecorino,Cheese
pectin,Baking Ingredients
penne rigate,Pasta & Noodles
peppadew pepper,Preserved Vegetables
pepper jack,Cheese
peppercorn,Spices & Seasonings
peppermint candy,Desserts & Sweets
peppermint extract,Baking Ingredients
peppermint mocha creamer,Dairy & Alternatives
peppermint tea,Beverages
pepperoncini,Preserved Vegetables
pepperoni,Meat & Poultry
perch,Seafood
peri peri,Spices & Seasonings
persimmon,Fruits
pesto,Sauces & Condiments
petai,Vegetables
pheasant,Meat & Poultry
phyllo,Refrigerated Dough
physalis,Fruits
picante sauce,Sauces & Condiments
pickapeppa sauce,Sauces & Condiments
pickle,Preserved Vegetables
pickled beets,Preserved Vegetables
pickled egg,Eggs
pickled ginger,Preserved Vegetables
pickled jalapenos,Preserved Vegetables
pickled onions,Preserved Vegetables
pickled pepper,Preserved Vegetables
pickled red onion,Preserved Vegetables
pickling juice,Preserved Vegetables
pickling salt,Salts & Seasonings
pickling spice,Spices & Seasonings
pico de gallo,Sauces & Condiments
pie crust,Refrigerated Dough
pierogi,Frozen Foods
pigeon,Meat & Poultry
pigeon peas,Legumes & Pulses
pike,Seafood
pimento cheese spread,Cheese
pimiento,Preserved Vegetables
pimiento-stuffed green olives,Preserved Vegetables
pinakurat,Oils & Vinegars
pine cone,Nuts & Seeds
pine nut,Nuts & Seeds
pineapple,Fruits
pineapple extract,Baking Ingredients
pineapple jam,Jams & Preserves
pineapple juice,Beverages
pineapple juice concentrate,Beverages
pineapple salsa,Sauces & Condiments
pineapple syrup,Sweeteners
pink beans,Legumes & Pulses
pink peppercorn,Spices & Seasonings
pinto beans,Legumes & Pulses
pioppini,Mushrooms & Fungi
piquillo pepper,Preserved Vegetables
piri-piri seasoning,Spices & Seasonings
pisco,Alcoholic Beverages
pistachio,Nuts & Seeds
pistachio extract,Baking Ingredients
pistachio ice cream,Frozen Foods
pistachio instant pudding,Desserts & Sweets
pistachio oil,Oils & Vinegars
pistachio syrup,Sweeteners
pizza crust,Refrigerated Dough
pizza seasoning,Spices & Seasonings
piña colada mix,Beverages
plantain,Fruits
plum,Fruits
plum jam,Jams & Preserves
plum sauce,Sauces & Condiments
pluot,Fruits
poached eggs,Eggs
poblano pepper,Vegetables
poha,Rice
polenta,Flours & Grains
polish farmer's cheese,Cheese
pollock,Seafood
pomegranate,Fruits
pomegranate juice,Beverages
pomegranate molasses,Sweeteners
pomegranate vinegar,Oils & Vinegars
pomelo,Fruits
pomfret,Seafood
pompano,Seafood
ponzu,Sauces & Condiments
popcorn chicken,Frozen Foods
popcorn oil,Oils & Vinegars
popcorn seasoning,Spices & Seasonings
poppy seed,Spices & Seasonings
poppyseed dressing,Sauces & Condiments
poppyseed filling,Baking Ingredients
porcini,Mushrooms & Fungi
pork & beans,Canned Goods
pork and beans,Canned Goods
pork back ribs,Meat & Poultry
pork belly,Meat & Poultry
pork broth,Soups & Stocks
pork butt,Meat & Poultry
pork chops,Meat & Poultry
pork cutlets,Meat & Poultry
pork fat,Fats & Oils
pork fillet,Meat & Poultry
pork gravy,Sauces & Condiments
pork loin,Meat & Poultry
pork neck,Meat & Poultry
pork ramen,Pasta & Noodles
pork ribs,Meat & Poultry
pork roast,Meat & Poultry
pork shoulder,Meat & Poultry
pork spare ribs,Meat & Poultry
pork stew meat,Meat & Poultry
pork stock,Soups & Stocks
port wine,Alcoholic Beverages
portobello mushroom,Mushrooms & Fungi
pot pie noodle,Pasta & Noodles
potato,Vegetables
potato dumplings,Frozen Foods
potato flakes,Preserved Vegetables
potato flour,Flours & Grains
potato soup mix,Soups & Stocks
potato starch,Baking Ingredients
poultry seasoning,Spices & Seasonings
powdered coffee creamer,Dairy & Alternatives
prawn cocktail,Seafood
prawns,Seafood
prepared crab cake,Seafood
prepared horseradish,Sauces & Condiments
preserved lemon,Preserved Vegetables
prickly pear,Fruits
prickly pear syrup,Sweeteners
probiotics,Herbs & Supplements
prosciutto,Meat & Poultry
protein drink,Beverages
provolone,Cheese
prune juice,Beverages
prunes,Dried Fruit
psyllium husk,Herbs & Supplements
puff pastry,Refrigerated Dough
puff pastry shells,Refrigerated Dough
puffball,Mushrooms & Fungi
puffed amaranth,Cereals & Breakfast
puffed kamut,Cereals & Breakfast
puffed quinoa,Cereals & Breakfast
puffed wheat,Cereals & Breakfast
pulled chicken,Meat & Poultry
pulled pork,Meat & Poultry
pulled turkey,Meat & Poultry
pumpkin,Vegetables
pumpkin ale,Alcoholic Beverages
pumpkin butter,Jams & Preserves
pumpkin pie filling,Fruits - Canned & Processed
pumpkin pie spice,Spices & Seasonings
pumpkin seed oil,Oils & Vinegars
pumpkin seeds,Nuts & Seeds
pumpkin spice coffee,Beverages
pumpkin spice coffee creamer,Dairy & Alternatives
pumpkin spice syrup,Sweeteners
quail,Meat & Poultry
quail egg,Eggs
quark,Cheese
queso fresco,Cheese
queso quesadilla,Cheese
quick-cooking oats,Cereals & Breakfast
quick-cooking tapioca,Baking Ingredients
quick-melt cheese,Cheese
quince,Fruits
quinoa,Flours & Grains
quinoa flakes,Cereals & Breakfast
quinoa flour,Flours & Grains
quinoa pasta,Pasta & Noodles
quorn,Tofu & Meat Alternatives
rabbit,Meat & Poultry
rack of lamb,Meat & Poultry
raclette,Cheese
radiatore,Pasta & Noodles
radicchio,Vegetables
radish,Vegetables
rainbow sherbet,Frozen Foods
rainbow trout,Seafood
raisins,Dried Fruit
rambutan,Fruits
ramen noodle soup,Pasta & Noodles
ramen noodles,Pasta & Noodles
ranch dressing,Sauces & Condiments
ranch-style beans,Canned Goods
ras el hanout,Spices & Seasonings
raspberry,Fruits
raspberry extract,Baking Ingredients
raspberry jam,Jams & Preserves
raspberry juice,Beverages
raspberry liqueur,Alcoholic Beverages
raspberry sorbet,Frozen Foods
raspberry syrup,Sweeteners
raspberry vinaigrette,Sauces & Condiments
raspberry vinegar,Oils & Vinegars
ravioli,Pasta & Noodles
raw buckwheat,Flours & Grains
raw cacao powder,Chocolate & Cocoa
raw chorizo,Meat & Poultry
raw milk,Dairy & Alternatives
ready-made icing,Desserts & Sweets
reblochon,Cheese
red beans,Legumes & Pulses
red beans & rice mix,Rice
red cabbage,Vegetables
red cooking wine,Alcoholic Beverages
red cow peas,Legumes & Pulses
red curry,Sauces & Condiments
red leaf lettuce,Vegetables
red lentils,Legumes & Pulses
red miso,Fermented Products
red mullet,Seafood
red onion,Vegetables
red palm oil,Oils & Vinegars
red pepper hummus,Sauces & Condiments
red pepper jelly,Jams & Preserves
red pepper relish,Sauces & Condiments
red quinoa,Flours & Grains
red rice,Rice
red rice poha,Rice
red snapper,Seafood
red velvet cake mix,Baking Mixes
red wine,Alcoholic Beverages
red wine vinaigrette,Sauces & Condiments
red wine vinegar,Oils & Vinegars
refined flour,Flours & Grains
refried beans,Legumes & Pulses
refrigerated crescent rolls,Refrigerated Dough
refrigerated oatmeal raisin cookies,Refrigerated Dough
reishi mushroom,Mushrooms & Fungi
remoulade,Sauces & Condiments
rhubarb,Vegetables
rice bran,Rice
rice bran oil,Oils & Vinegars
rice cereal,Cereals & Breakfast
rice flour,Flours & Grains
rice malt syrup,Sweeteners
rice milk,Dairy & Alternatives
rice noodles,Pasta & Noodles
rice paper,Rice
rice pilaf,Rice
rice protein powder,Herbs & Supplements
rice syrup,Sweeteners
rice vermicelli,Pasta & Noodles
rice wine vinegar,Oils & Vinegars
rice-a-roni,Rice
ricotta,Cheese
rigatoni,Pasta & Noodles
risotto rice,Rice
roast beef,Meat & Poultry
roast duck,Meat & Poultry
roasted almonds,Nuts & Seeds
roasted cumin powder,Spices & Seasonings
roasted garlic chicken broth,Soups & Stocks
roasted peanut oil,Oils & Vinegars
roasted peanuts,Nuts & Seeds
roasted red peppers,Preserved Vegetables
roasted seaweed,Seaweed
roasted turkey,Meat & Poultry
robiola,Cheese
rock sugar,Sweeteners
rockfish,Seafood
roe,Seafood
rohu fish,Seafood
rolled oats,Cereals & Breakfast
romaine,Vegetables
rooibos tea,Beverages
root beer,Beverages
root beer extract,Baking Ingredients
rose syrup,Sweeteners
rose water,Baking Ingredients
rosehip,Fruits
rosehip seed oil,Oils & Vinegars
rosemary,Herbs & Fresh Greens
rosemary essential oil,Oils & Vinegars
rosemary syrup,Sweeteners
rosé wine,Alcoholic Beverages
rotelle,Pasta & Noodles
rotisserie chicken,Meat & Poultry
rough-puff pastry,Refrigerated Dough
rum,Alcoholic Beverages
rum extract,Baking Ingredients
rumchata,Alcoholic Beverages
russian dressing,Sauces & Condiments
rutabaga,Vegetables
rye berries,Flours & Grains
rye flakes,Flours & Grains
rye flour,Flours & Grains
saba banana,Fruits
safflower oil,Oils & Vinegars
saffron,Spices & Seasonings
saffron rice,Rice
saffron strands,Spices & Seasonings
sage,Herbs & Fresh Greens
sago,Baking Ingredients
sake,Alcoholic Beverages
salad oil,Oils & Vinegars
salad seasoning,Spices & Seasonings
salami,Meat & Poultry
salmon,Seafood
salmon burger meat,Seafood
salmon roe,Seafood
salmon trout,Seafood
salsa,Sauces & Condiments
salsa con queso dip,Sauces & Condiments
salsa lizano,Sauces & Condiments
salsa verde,Sauces & Condiments
salt,Spices, Salts & Seasonings
salt cod,Seafood
salt fish,Seafood
salt herring,Seafood
salt pork,Meat & Poultry
salt-free seasoning,Spices & Seasonings
salted caramel syrup,Sweeteners
salted egg,Eggs
salted salmon,Seafood
salted shrimp,Seafood
sambal oelek,Sauces & Condiments
sambar powder,Spices & Seasonings
samosa sheet,Refrigerated Dough
sanding sugar,Baking Ingredients
sandwich cookies,Bakery & Breads
sangria,Alcoholic Beverages
sardines,Seafood
saskatoon berry,Fruits
sauerkraut,Fermented Products
sausage,Meat & Poultry
sausage gravy,Sauces & Condiments
sausage patty,Meat & Poultry
sausage rolls,Meat & Poultry
savory herb,Herbs & Fresh Greens
sazón goya,Spices & Seasonings
scallion,Vegetables
scallop,Seafood
scamorza,Cheese
scampi,Seafood
scarlet runner beans,Legumes & Pulses
schezwan chutney,Sauces & Condiments
schezwan sauce,Sauces & Condiments
schmaltz,Fats & Oils
schnapps,Alcoholic Beverages
scotch bonnet pepper,Vegetables
scrambled eggs,Eggs
sea bass,Seafood
sea bream,Seafood
sea buckthorn,Fruits
sea lettuce,Seaweed
sea moss,Seaweed
sea snails,Seafood
sea urchin,Seafood
seafood seasoning,Spices & Seasonings
seafood stock,Soups & Stocks
seasoned feta cheese,Cheese
seasoned pepper,Spices & Seasonings
seasoned rice vinegar,Oils & Vinegars
seasoned salt,Salts & Seasonings
seaweed caviar,Seaweed
seaweed salad,Seaweed
seed butter,Nut Butters & Spreads
seitan,Tofu & Meat Alternatives
self-raising flour,Flours & Grains
self-rising cornmeal,Flours & Grains
semiya,Pasta & Noodles
semolina,Flours & Grains
semolina flour,Flours & Grains
serrano ham,Meat & Poultry
serrano pepper,Vegetables
sesame dressing,Sauces & Condiments
sesame oil,Oils & Vinegars
sesame sauce,Sauces & Condiments
sesame seed,Spices & Seasonings
shallot,Vegetables
shallot oil,Oils & Vinegars
shaoxing wine,Alcoholic Beverages
shark meat,Seafood
sharp cheddar,Cheese
shawarma seasoning,Spices & Seasonings
shea butter,Fats & Oils
sheep cheese,Cheese
sheep-milk yogurt,Dairy & Alternatives
sherbet,Frozen Foods
sherry,Alcoholic Beverages
sherry vinegar,Oils & Vinegars
shichimi togarashi,Spices & Seasonings
shiitake mushroom,Mushrooms & Fungi
shimeji mushroom,Mushrooms & Fungi
shirataki noodles,Pasta & Noodles
shirataki rice,Rice
short-cut pasta,Pasta & Noodles
shortening,Fats & Oils
shredded coconut,Nuts & Seeds
shredded squid,Seafood
shredded turkey,Meat & Poultry
shrimp,Seafood
shrimp bouillon cube,Soups & Stocks
shrimp paste,Fermented Products
shrimp powder,Seafood
shrimp sauce,Sauces & Condiments
shrimp stock,Soups & Stocks
sichuan peppercorn oil,Oils & Vinegars
silken tofu,Tofu & Meat Alternatives
sinigang mix,Soups & Stocks
skipjack tuna,Seafood
skyr,Dairy & Alternatives
slivered almonds,Nuts & Seeds
sloe berry,Fruits
sloe gin,Alcoholic Beverages
sloppy joe sauce,Sauces & Condiments
smoked almond,Nuts & Seeds
smoked cheese,Cheese
smoked chicken,Meat & Poultry
smoked duck breast,Meat & Poultry
smoked eel,Seafood
smoked fish,Seafood
smoked haddock,Seafood
smoked ham hock,Meat & Poultry
smoked herring,Seafood
smoked mackerel,Seafood
smoked mussel,Seafood
smoked oyster,Seafood
smoked paprika,Spices & Seasonings
smoked salmon,Seafood
smoked salt,Salts & Seasonings
smoked sausage,Meat & Poultry
smoked tofu,Tofu & Meat Alternatives
smoked trout,Seafood
smoked tuna,Seafood
smoked turkey,Meat & Poultry
smoked turkey bacon,Meat & Poultry
smoked turkey leg,Meat & Poultry
smoked turkey neck,Meat & Poultry
smoked turkey sausage,Meat & Poultry
smoked turkey wings,Meat & Poultry
smoking wood,Snacks & Other Ingredients
snake beans,Legumes & Pulses
snap peas,Legumes & Pulses
snow crab,Seafood
snow fungus,Mushrooms & Fungi
snow peas,Legumes & Pulses
soba noodles,Pasta & Noodles
sockeye salmon,Seafood
sodium alginate,Baking Ingredients
sofrito,Sauces & Condiments
soft cheese,Cheese
soft-shell crab,Seafood
sole,Seafood
somen noodles,Pasta & Noodles
sona masoori rice,Rice
sorbet,Frozen Foods
sorghum,Flours & Grains
sorghum flour,Flours & Grains
sorghum syrup,Sweeteners
soup base,Soups & Stocks
soup bones,Soups & Stocks
soup pasta,Pasta & Noodles
sour cherry,Fruits
sour cream,Dairy & Alternatives
sour milk,Dairy & Alternatives
sour mix,Beverages
sourdough discard,Refrigerated Dough
sourdough starter,Refrigerated Dough
southwest seasoning,Spices & Seasonings
soy chorizo,Tofu & Meat Alternatives
soy curls,Tofu & Meat Alternatives
soy flakes,Legumes & Pulses
soy flour,Flours & Grains
soy lecithin,Baking Ingredients
soy milk,Dairy & Alternatives
soy milk powder,Dairy & Alternatives
soy nuts,Legumes & Pulses
soy sauce,Sauces & Condiments
soy sprouts,Vegetables
soy-free butter,Dairy & Alternatives
soybean oil,Oils & Vinegars
soybeans,Legumes & Pulses
spaetzle,Pasta & Noodles
spaghetti,Pasta & Noodles
spaghetti squash,Vegetables
spam,Canned Goods
spanner crab,Seafood
sparkling cider,Beverages
sparkling rosé,Alcoholic Beverages
sparkling wine,Alcoholic Beverages
speculoos cookies,Bakery & Breads
spelt,Flours & Grains
spelt flakes,Flours & Grains
spice cake mix,Baking Mixes
spiced vinegar,Oils & Vinegars
spicy mayo,Sauces & Condiments
spicy ranch dressing,Sauces & Condiments
spinach,Vegetables
spinach dip,Sauces & Condiments
spinach fettuccine,Pasta & Noodles
spiral pasta,Pasta & Noodles
spirulina,Seaweed
split peas,Legumes & Pulses
sponge cake,Bakery & Breads
sprite,Beverages
sprouted brown rice,Rice
squash ravioli,Pasta & Noodles
squid,Seafood
squid ink,Seafood
sriracha,Sauces & Condiments
sriracha almond,Nuts & Seeds
sriracha seasoning,Spices & Seasonings
ssamjang,Sauces & Condiments
star anise,Spices & Seasonings
star fruit,Fruits
starter culture,Dairy & Alternatives
steak sauce,Sauces & Condiments
steak seasoning,Spices & Seasonings
steak tips,Meat & Poultry
steel cut oats,Cereals & Breakfast
steelhead trout,Seafood
stevia,Sweeteners
stewed tomatoes,Canned Goods
stilton,Cheese
stir-fry oil,Oils & Vinegars
stir-fry sauce,Sauces & Condiments
stracchino cheese,Cheese
straw mushroom,Mushrooms & Fungi
strawberry,Fruits
strawberry cream cheese,Cheese
strawberry extract,Baking Ingredients
strawberry frosting,Desserts & Sweets
strawberry jam,Jams & Preserves
strawberry juice,Beverages
strawberry liqueur,Alcoholic Beverages
strawberry milk,Dairy & Alternatives
strawberry powder,Spices & Seasonings
strawberry protein powder,Herbs & Supplements
strawberry puree,Fruits - Canned & Processed
strawberry sauce,Sauces & Condiments
strawberry soda,Beverages
strawberry syrup,Sweeteners
string beans,Legumes & Pulses
string cheese,Cheese
sturgeon,Seafood
sucralose,Sweeteners
sugar,Sweeteners
sugar beans,Legumes & Pulses
sugar cookies,Bakery & Breads
sugar pumpkin,Vegetables
sugar syrup,Sweeteners
sultanas,Dried Fruit
sumac,Spices & Seasonings
summer squash,Vegetables
sun dried tomato,Preserved Vegetables
sun-dried tomato paste,Sauces & Condiments
sun-dried tomato pesto,Sauces & Condiments
sun-dried tomato vinaigrette,Sauces & Condiments
sun-dried tomatoes in oil,Preserved Vegetables
sunflower lecithin,Baking Ingredients
sunflower oil,Oils & Vinegars
sunflower seeds,Nuts & Seeds
sunflower sprouts,Vegetables
surimi,Seafood
sushi rice,Rice
sushi vinegar,Oils & Vinegars
sushi-grade salmon,Seafood
sushi‑grade tuna,Seafood
swai fish,Seafood
sweet and sour sauce,Sauces & Condiments
sweet bean paste,Fermented Products
sweet chilli sauce,Sauces & Condiments
sweet italian sausage,Meat & Poultry
sweet lime,Fruits
sweet onion dressing,Sauces & Condiments
sweet pepper,Vegetables
sweet pickle relish,Preserved Vegetables
sweet potato,Vegetables
sweet potato noodles,Pasta & Noodles
sweet rice vinegar,Oils & Vinegars
sweet soybean paste,Fermented Products
sweet'n low,Sweeteners
sweetened coconut flake,Nuts & Seeds
sweetened condensed milk,Dairy & Alternatives
sweetened lime juice,Beverages
swiss cheese,Cheese
swordfish,Seafood
taco sauce,Sauces & Condiments
taco seasoning,Spices & Seasonings
taggiasca olives,Preserved Vegetables
tagliatelle,Pasta & Noodles
tahini,Sauces & Condiments
taleggio,Cheese
tallow,Fats & Oils
tamale dough,Refrigerated Dough
tamari,Sauces & Condiments
tamarillo,Fruits
tamarind,Fruits
tamarind chutney,Sauces & Condiments
tamarind extract,Baking Ingredients
tamarind juice,Beverages
tamarind paste,Fruits - Canned & Processed
tamarind soup mix,Soups & Stocks
tamarind water,Beverages
tandoori mayonnaise,Sauces & Condiments
tandoori spice,Spices & Seasonings
tangelo,Fruits
tangerine,Fruits
tangerine juice,Beverages
tapenade,Sauces & Condiments
tapioca pearls,Baking Ingredients
tapioca starch,Baking Ingredients
tarama,Seafood
tarragon,Herbs & Fresh Greens
tarragon vinegar,Oils & Vinegars
tartar sauce,Sauces & Condiments
taucheo,Fermented Products
tea,Beverages
tea leaves,Beverages
tea-tree oil,Oils & Vinegars
teff,Flours & Grains
teff flour,Flours & Grains
tempeh,Fermented Products
tequila,Alcoholic Beverages
teriyaki sauce,Sauces & Condiments
texmati rice,Rice
textured vegetable protein,Tofu & Meat Alternatives
thai basil,Herbs & Fresh Greens
thai chicken broth,Soups & Stocks
thai chile pepper,Vegetables
thai chili paste,Sauces & Condiments
thai ginger broth,Soups & Stocks
thai peanut sauce,Sauces & Condiments
thai red curry paste,Sauces & Condiments
thai red curry sauce,Sauces & Condiments
thai rice noodles,Pasta & Noodles
thai seasoning,Spices & Seasonings
thai sweet chili sauce,Sauces & Condiments
thai tea,Beverages
thc,Herbs & Supplements
thickened cream,Dairy & Alternatives
thousand island,Sauces & Condiments
thyme,Herbs & Fresh Greens
tigernuts,Nuts & Seeds
tikka masala sauce,Sauces & Condiments
tilapia,Seafood
tinapa,Seafood
toasted nuts,Nuts & Seeds
toasted sesame oil,Oils & Vinegars
toffee bits,Desserts & Sweets
tofu,Tofu & Meat Alternatives
tofu skins,Tofu & Meat Alternatives
tofurky,Tofu & Meat Alternatives
togarashi,Spices & Seasonings
tom yum paste,Sauces & Condiments
tomato,Vegetables
tomato bisque,Canned Goods
tomato bouillon,Soups & Stocks
tomato jelly,Jams & Preserves
tomato juice,Beverages
tomato paste,Sauces & Condiments
tomato relish,Sauces & Condiments
tomato sauce,Sauces & Condiments
tomato soup,Canned Goods
tomato tapenade,Sauces & Condiments
tomatoes with green chiles,Canned Goods
tonic water,Beverages
tonkatsu sauce,Sauces & Condiments
top n fill caramel,Sweeteners
tortellini,Pasta & Noodles
tortilla soup base,Soups & Stocks
trahanas,Flours & Grains
trail mix,Snacks & Other Ingredients
treacle,Sweeteners
trottole,Pasta & Noodles
trout,Seafood
truffle oil,Oils & Vinegars
truffle salt,Salts & Seasonings
trumpet mushroom,Mushrooms & Fungi
tuna steak,Seafood
turbot,Seafood
turkey bacon,Meat & Poultry
turkey base,Soups & Stocks
turkey bone broth,Soups & Stocks
turkey bones,Meat & Poultry
turkey breast,Meat & Poultry
turkey broth,Soups & Stocks
turkey burger,Meat & Poultry
turkey drippings,Fats & Oils
turkey giblets,Meat & Poultry
turkey gizzards,Meat & Poultry
turkey gravy,Sauces & Condiments
turkey hot dog,Meat & Poultry
turkey kielbasa,Meat & Poultry
turkey leg,Meat & Poultry
turkey liver,Meat & Poultry
turkey lunch meat,Meat & Poultry
turkey meat,Meat & Poultry
turkey meatballs,Meat & Poultry
turkey neck,Meat & Poultry
turkey pastrami,Meat & Poultry
turkey pepperoni,Meat & Poultry
turkey rissoles,Meat & Poultry
turkey roast,Meat & Poultry
turkey sausage,Meat & Poultry
turkey stock,Soups & Stocks
turkey taco meat,Meat & Poultry
turkey thigh,Meat & Poultry
turkey wing,Meat & Poultry
turmeric,Spices & Seasonings
turmeric root,Spices & Seasonings
turnip,Vegetables
tvorog,Cheese
tzatziki,Sauces & Condiments
ube flavoring,Baking Ingredients
udon noodles,Pasta & Noodles
ume plum vinegar,Oils & Vinegars
unbleached all-purpose flour,Flours & Grains
urad dal,Legumes & Pulses
v8 juice,Beverages
vanilla,Baking Ingredients
vanilla liqueur,Alcoholic Beverages
vanilla milk,Dairy & Alternatives
vanilla salt,Salts & Seasonings
vanilla sugar,Sweeteners
vanilla syrup,Sweeteners
vanilla vodka,Alcoholic Beverages
veal broth,Soups & Stocks
veal cutlet,Meat & Poultry
veal shank,Meat & Poultry
veal steak,Meat & Poultry
veal stock,Soups & Stocks
vegan bacon,Tofu & Meat Alternatives
vegan beef,Tofu & Meat Alternatives
vegan beef broth,Soups & Stocks
vegan burger patty,Tofu & Meat Alternatives
vegan butter,Dairy & Alternatives
vegan caesar dressing,Sauces & Condiments
vegan cheese,Cheese
vegan chicken,Tofu & Meat Alternatives
vegan chicken broth,Soups & Stocks
vegan chocolate frosting,Desserts & Sweets
vegan cream cheese,Cheese
vegan cream cheese frosting,Desserts & Sweets
vegan crème fraîche,Dairy & Alternatives
vegan feta,Cheese
vegan fish sauce,Sauces & Condiments
vegan gravy,Sauces & Condiments
vegan ground beef,Tofu & Meat Alternatives
vegan mayonnaise,Sauces & Condiments
vegan meatballs,Tofu & Meat Alternatives
vegan mozzarella cheese ,Cheese
shredded mozzarella cheese ,Cheese
vegan nutella,Nut Butters & Spreads
vegan parmesan,Cheese
vegan pepperoni,Tofu & Meat Alternatives
vegan pesto,Sauces & Condiments
vegan protein powder,Herbs & Supplements
vegan ranch,Sauces & Condiments
vegan ricotta,Cheese
vegan sausage,Tofu & Meat Alternatives
vegan sour cream,Dairy & Alternatives
vegan tzatziki,Sauces & Condiments
vegan worcestershire,Sauces & Condiments
vegetable beef soup,Canned Goods
vegetable broth,Soups & Stocks
vegetable oil,Oils & Vinegars
vegetable soup,Canned Goods
vegetable soup mix,Soups & Stocks
vegetable suet,Fats & Oils
vegetarian hot dog,Tofu & Meat Alternatives
vegetarian oyster sauce,Sauces & Condiments
venison,Meat & Poultry
verjuice,Beverages
vermicelli,Pasta & Noodles
vermouth,Alcoholic Beverages
vinaigrette dressing,Sauces & Condiments
vinegar,Oils & Vinegars
vinegar powder,Oils & Vinegars
violette liqueur,Alcoholic Beverages
virgin coconut oil,Oils & Vinegars
vital wheat gluten,Flours & Grains
vitamin c,Herbs & Supplements
vitamin e,Herbs & Supplements
vodka,Alcoholic Beverages
vodka sauce,Sauces & Condiments
waffles,Frozen Foods
wakame,Seaweed
walleye,Seafood
walnut,Nuts & Seeds
walnut oil,Oils & Vinegars
wasabi,Spices & Seasonings
wasabi powder,Spices & Seasonings
water,Beverages
water chestnut,Vegetables
water kefir,Beverages
watercress,Vegetables
watermelon,Fruits
watermelon juice,Beverages
watermelon seeds,Nuts & Seeds
wattleseeds,Spices & Seasonings
wax beans,Legumes & Pulses
weetabix,Cereals & Breakfast
wensleydale,Cheese
wheat berries,Flours & Grains
wheat bran,Flours & Grains
wheat germ,Flours & Grains
wheatgrass powder,Herbs & Supplements
whey,Dairy & Alternatives
whey protein powder,Herbs & Supplements
whipped cream,Dairy & Alternatives
whipped cream cheese spread,Cheese
whipped cream stabilizer,Dairy & Alternatives
whipped cream vodka,Alcoholic Beverages
whisky,Alcoholic Beverages
white baking chips,Baking Ingredients
white balsamic cream,Sauces & Condiments
white balsamic vinaigrette,Sauces & Condiments
white balsamic vinegar,Oils & Vinegars
white bbq sauce,Sauces & Condiments
white beans,Legumes & Pulses
white beech mushroom,Mushrooms & Fungi
white cacao butter,Chocolate & Cocoa
white chia,Nuts & Seeds
white chocolate,Chocolate & Cocoa
white chocolate liqueur,Alcoholic Beverages
white chocolate pudding,Desserts & Sweets
white chocolate sauce,Sauces & Condiments
white cooking wine,Alcoholic Beverages
white cornmeal,Flours & Grains
white couverture,Chocolate & Cocoa
white fungus,Mushrooms & Fungi
white grape juice,Beverages
white miso,Fermented Products
white pea,Legumes & Pulses
white pepper,Spices & Seasonings
white pizza sauce,Sauces & Condiments
white rice,Rice
white rum,Alcoholic Beverages
white tea,Beverages
white truffle,Mushrooms & Fungi
white truffle butter,Dairy & Alternatives
white truffle oil,Oils & Vinegars
white wine,Alcoholic Beverages
white wine vinegar,Oils & Vinegars
whitefish,Seafood
whiting,Seafood
whole chicken,Meat & Poultry
whole turkey,Meat & Poultry
whole-grain oat flour,Flours & Grains
whole-grain oats,Cereals & Breakfast
whole-wheat flour,Flours & Grains
whole-wheat pastry flour,Flours & Grains
wholegrain mustard,Sauces & Condiments
wild game bird,Meat & Poultry
wild mushroom,Mushrooms & Fungi
wild rice,Rice
wine yeast,Baking Ingredients
wing sauce,Sauces & Condiments
winged beans,Legumes & Pulses
wonton noodles,Pasta & Noodles
wonton strips,Snacks & Other Ingredients
wood apple,Fruits
worcestershire,Sauces & Condiments
xanthan gum,Baking Ingredients
xylitol,Sweeteners
yaki-nori,Seaweed
yakisoba noodles,Pasta & Noodles
yam,Vegetables
yeast,Baking Ingredients
yellow cake mix,Baking Mixes
yellow lentils,Legumes & Pulses
yellow miso,Fermented Products
yellow rice,Rice
yellow split peas,Legumes & Pulses
yellowtail,Seafood
yogurt,Dairy & Alternatives
yogurt drink,Beverages
yogurt starter,Dairy & Alternatives
young chicken,Meat & Poultry
young coconut,Nuts & Seeds
young jackfruit,Fruits
yuba noodles,Pasta & Noodles
yufka,Refrigerated Dough
yum yum sauce,Sauces & Condiments
yuzu,Fruits
yuzu juice,Beverages
yuzu kosho,Sauces & Condiments
za'atar,Spices & Seasonings
ziti,Pasta & Noodles
zoodles,Vegetables
zucchini,Vegetables